iter	MultiClass
0	2.468551856
1	2.384953083
2	2.322317792
3	2.271837182
4	2.227142766
5	2.190348146
6	2.166334612
7	2.135244908
8	2.105435882
