iter	MultiClass
0	2.559375277
1	2.553949629
2	2.549283101
3	2.544365204
4	2.538893547
5	2.534018592
6	2.529349214
7	2.524458637
8	2.519518148
9	2.514523973
10	2.509947276
11	2.505826132
12	2.501096449
13	2.49704369
14	2.493068272
15	2.488412291
16	2.484084786
17	2.479849696
18	2.475785023
